Invoice_ID,City,Customer_type,Gender,Product_line,Total,Rating
750-67-8428,Yangon,Member,Female,Health and beauty,548.9715,9.1
226-31-3081,Naypyitaw,Normal,Female,Electronic accessories,80.22,9.6
631-41-3108,Yangon,Normal,Male,Home and lifestyle,340.5255,7.4
123-19-1176,Yangon,Member,Male,Health and beauty,489.048,8.4
373-73-7910,Yangon,Normal,Male,Sports and travel,634.3785,5.3
699-14-3026,Naypyitaw,Normal,Male,Electronic accessories,627.6165,4.1
355-53-5943,Yangon,Member,Female,Electronic accessories,433.692,5.8
315-22-5665,Naypyitaw,Normal,Female,Home and lifestyle,772.38,8
665-32-9167,Yangon,Member,Female,Health and beauty,76.146,7.2
692-92-5582,Mandalay,Member,Female,Food and beverages,172.746,5.9
351-62-0822,Mandalay,Member,Female,Fashion accessories,60.816,4.5
529-56-3974,Mandalay,Member,Male,Electronic accessories,107.142,6.8
365-64-0515,Yangon,Normal,Female,Electronic accessories,246.4875,7.1
252-56-2699,Yangon,Normal,Male,Food and beverages,453.495,8.2
829-34-3910,Yangon,Normal,Female,Health and beauty,749.49,5.7
299-46-1805,Mandalay,Member,Female,Sports and travel,590.436,4.5
656-95-9349,Yangon,Member,Female,Health and beauty,506.6355,4.6
765-26-6951,Yangon,Normal,Male,Sports and travel,457.443,6.9
329-62-1586,Yangon,Normal,Male,Food and beverages,172.2105,8.6
319-50-3348,Mandalay,Normal,Female,Home and lifestyle,84.63,4.4
300-71-4605,Naypyitaw,Member,Male,Electronic accessories,451.71,4.8
371-85-5789,Mandalay,Normal,Male,Health and beauty,277.137,5.1
273-16-6619,Mandalay,Normal,Male,Home and lifestyle,69.72,4.4
636-48-8204,Yangon,Normal,Male,Electronic accessories,181.44,9.9
549-59-1358,Yangon,Member,Male,Sports and travel,279.1845,6
227-03-5010,Yangon,Member,Female,Home and lifestyle,441.756,8.5
649-29-6775,Mandalay,Normal,Male,Fashion accessories,35.196,6.7
189-17-4241,Yangon,Normal,Female,Fashion accessories,184.107,7.7
145-94-9061,Mandalay,Normal,Female,Food and beverages,463.89,9.6
848-62-7243,Yangon,Normal,Male,Health and beauty,235.2105,7.4
871-79-8483,Mandalay,Normal,Male,Fashion accessories,494.1825,4.8
149-71-6266,Mandalay,Member,Male,Sports and travel,737.7615,4.5
640-49-2076,Mandalay,Normal,Male,Sports and travel,703.752,5.1
595-11-5460,Yangon,Normal,Male,Health and beauty,202.818,5.1
183-56-6882,Naypyitaw,Member,Female,Food and beverages,417.564,7.5
232-16-2483,Naypyitaw,Member,Female,Sports and travel,71.526,6.8
129-29-8530,Yangon,Member,Male,Sports and travel,328.755,7
272-65-1806,Yangon,Normal,Female,Electronic accessories,575.316,4.7
333-73-7901,Naypyitaw,Normal,Female,Health and beauty,461.328,7.6
777-82-7220,Mandalay,Member,Male,Home and lifestyle,253.008,7.7
280-35-5823,Mandalay,Member,Female,Home and lifestyle,91.056,7.9
554-53-8700,Naypyitaw,Member,Male,Home and lifestyle,117.831,6.3
354-25-5821,Mandalay,Member,Female,Sports and travel,435.456,5.6
228-96-1411,Naypyitaw,Member,Female,Food and beverages,829.08,7.6
617-15-4209,Naypyitaw,Member,Male,Health and beauty,32.277,7.2
132-32-9879,Mandalay,Member,Female,Electronic accessories,394.632,9.5
370-41-7321,Mandalay,Member,Male,Health and beauty,535.7205,8.4
727-46-3608,Mandalay,Member,Female,Food and beverages,189.0945,4.1
669-54-1719,Mandalay,Member,Male,Electronic accessories,119.259,8.1
574-22-5561,Naypyitaw,Member,Female,Fashion accessories,867.615,7.9
326-78-5178,Naypyitaw,Member,Male,Food and beverages,671.79,9.5
162-48-8011,Yangon,Member,Female,Food and beverages,234.0975,8.5
616-24-2851,Mandalay,Member,Female,Fashion accessories,75.054,6.5
778-71-5554,Naypyitaw,Member,Male,Fashion accessories,16.2015,6.1
242-55-6721,Mandalay,Normal,Male,Home and lifestyle,33.936,6.5
399-46-5918,Naypyitaw,Normal,Female,Electronic accessories,722.232,8.2
106-35-6779,Yangon,Member,Male,Home and lifestyle,93.114,5.8
635-40-6220,Yangon,Normal,Male,Health and beauty,752.64,6.6
817-48-8732,Yangon,Member,Female,Home and lifestyle,759.675,5.4
120-06-4233,Naypyitaw,Normal,Male,Electronic accessories,192.843,9.3
285-68-5083,Naypyitaw,Member,Female,Sports and travel,77.931,10
803-83-5989,Naypyitaw,Normal,Male,Home and lifestyle,351.099,7
347-34-2234,Mandalay,Member,Female,Sports and travel,520.4115,10
199-75-8169,Yangon,Member,Male,Sports and travel,166.005,8.6
853-23-2453,Mandalay,Member,Male,Health and beauty,318.108,7.6
877-22-3308,Yangon,Member,Male,Health and beauty,166.635,5.8
838-78-4295,Naypyitaw,Normal,Female,Health and beauty,70.287,6.7
109-28-2512,Mandalay,Member,Female,Fashion accessories,614.943,9.9
232-11-3025,Yangon,Normal,Male,Sports and travel,827.085,6.4
382-03-4532,Yangon,Member,Female,Health and beauty,19.2465,4.3
393-65-2792,Naypyitaw,Normal,Male,Food and beverages,939.54,9.6
796-12-2025,Naypyitaw,Normal,Male,Fashion accessories,652.26,5.9
510-95-6347,Mandalay,Member,Female,Food and beverages,152.838,4
841-35-6630,Naypyitaw,Normal,Female,Electronic accessories,478.233,8.7
287-21-9091,Yangon,Normal,Male,Home and lifestyle,705.6315,9.4
732-94-0499,Naypyitaw,Normal,Female,Electronic accessories,437.325,5.4
263-10-3913,Naypyitaw,Member,Male,Fashion accessories,463.428,8.6
381-20-0914,Yangon,Member,Female,Fashion accessories,189.0945,5.7
829-49-1914,Naypyitaw,Member,Female,Food and beverages,822.255,6.6
756-01-7507,Naypyitaw,Normal,Female,Health and beauty,106.995,6
870-72-4431,Naypyitaw,Normal,Female,Health and beauty,624.897,5.5
847-38-7188,Mandalay,Normal,Female,Food and beverages,304.542,6.4
480-63-2856,Naypyitaw,Normal,Male,Food and beverages,161.7,6.6
787-56-0757,Naypyitaw,Member,Female,Food and beverages,337.512,8.3
360-39-5055,Naypyitaw,Member,Male,Sports and travel,256.7775,6.6
730-50-9884,Naypyitaw,Normal,Female,Sports and travel,610.491,4
362-58-8315,Naypyitaw,Normal,Male,Fashion accessories,401.73,9.9
633-44-8566,Yangon,Member,Male,Food and beverages,362.943,7.3
504-35-8843,Yangon,Normal,Male,Sports and travel,44.5935,5.7
318-68-5053,Mandalay,Normal,Female,Health and beauty,485.037,6.1
565-80-5980,Naypyitaw,Member,Female,Home and lifestyle,198.996,7.1
225-32-0908,Naypyitaw,Normal,Female,Sports and travel,471.03,8.2
873-51-0671,Yangon,Member,Female,Sports and travel,161.553,5.1
152-08-9985,Mandalay,Member,Male,Health and beauty,608.202,8.6
512-91-0811,Naypyitaw,Normal,Male,Health and beauty,94.2375,6.6
594-34-4444,Yangon,Normal,Male,Electronic accessories,102.018,7.2
766-85-7061,Mandalay,Normal,Male,Health and beauty,922.635,5.1
871-39-9221,Naypyitaw,Normal,Female,Electronic accessories,78.435,4.1
865-92-6136,Yangon,Normal,Male,Food and beverages,166.1625,9.3
733-01-9107,Mandalay,Normal,Male,Home and lifestyle,521.01,7.4
163-56-7055,Naypyitaw,Member,Male,Fashion accessories,51.1455,4.1
189-98-2939,Naypyitaw,Normal,Male,Fashion accessories,742.2975,7.2
551-21-3069,Naypyitaw,Normal,Female,Electronic accessories,218.0115,4.9
212-62-1842,Yangon,Normal,Male,Food and beverages,367.038,9.9
716-39-1409,Mandalay,Normal,Male,Health and beauty,223.0725,8
704-48-3927,Yangon,Member,Male,Electronic accessories,931.035,7.3
628-34-3388,Naypyitaw,Normal,Male,Fashion accessories,172.494,7.9
630-74-5166,Yangon,Normal,Male,Sports and travel,391.419,7.4
588-01-7461,Naypyitaw,Normal,Female,Food and beverages,321.111,4.2
861-77-0145,Naypyitaw,Member,Male,Electronic accessories,860.685,9.2
479-26-8945,Mandalay,Member,Female,Sports and travel,34.629,4.6
210-67-5886,Naypyitaw,Member,Female,Health and beauty,309.3615,7.8
227-78-1148,Mandalay,Normal,Female,Fashion accessories,535.374,8.4
645-44-1170,Yangon,Member,Male,Home and lifestyle,548.7615,4.3
237-01-6122,Naypyitaw,Member,Female,Home and lifestyle,763.4655,9.5
225-98-1496,Naypyitaw,Normal,Female,Fashion accessories,85.113,7.1
291-32-1427,Mandalay,Member,Male,Fashion accessories,115.185,5.3
659-65-8956,Mandalay,Member,Male,Fashion accessories,53.928,5.2
642-32-2990,Yangon,Normal,Female,Food and beverages,115.08,6
378-24-2715,Mandalay,Normal,Male,Home and lifestyle,112.224,4.1
638-60-7125,Yangon,Normal,Female,Electronic accessories,836.304,5.2
659-36-1684,Naypyitaw,Member,Male,Sports and travel,419.832,6.5
219-22-9386,Mandalay,Member,Male,Sports and travel,944.622,4.2
336-78-2147,Naypyitaw,Member,Male,Home and lifestyle,536.844,4.6
268-27-6179,Mandalay,Member,Female,Fashion accessories,474.348,7.3
668-90-8900,Yangon,Normal,Female,Home and lifestyle,688.6215,4.5
870-54-3162,Yangon,Normal,Female,Sports and travel,169.3125,9
189-08-9157,Naypyitaw,Normal,Female,Fashion accessories,299.8485,5.9
663-86-9076,Naypyitaw,Member,Female,Food and beverages,575.736,8.5
549-84-7482,Mandalay,Normal,Female,Sports and travel,853.146,7.2
191-10-6171,Mandalay,Normal,Female,Fashion accessories,291.207,7.5
802-70-5316,Yangon,Member,Female,Sports and travel,580.419,8.3
695-51-0018,Mandalay,Normal,Female,Sports and travel,146.328,7.4
590-83-4591,Mandalay,Member,Male,Electronic accessories,550.935,8.8
483-71-1164,Naypyitaw,Normal,Female,Health and beauty,512.19,5.3
597-78-7908,Naypyitaw,Normal,Male,Fashion accessories,284.193,6.2
700-81-1757,Yangon,Normal,Female,Electronic accessories,138.1275,8.8
354-39-5160,Yangon,Member,Female,Home and lifestyle,216.846,9.8
241-72-9525,Mandalay,Normal,Male,Sports and travel,545.055,8.2
575-30-8091,Yangon,Normal,Male,Sports and travel,609,9.2
731-81-9469,Naypyitaw,Member,Female,Sports and travel,942.9,5.4
280-17-4359,Naypyitaw,Member,Male,Health and beauty,950.25,8.1
338-65-2210,Naypyitaw,Member,Female,Health and beauty,720.3,9.1
488-25-4221,Naypyitaw,Member,Female,Food and beverages,31.9305,8.4
239-10-7476,Yangon,Normal,Female,Home and lifestyle,491.085,8
458-41-1477,Naypyitaw,Normal,Female,Health and beauty,291.438,9.5
685-64-1609,Yangon,Member,Female,Fashion accessories,316.47,9.2
568-90-5112,Naypyitaw,Normal,Male,Health and beauty,277.788,5.6
262-47-2794,Mandalay,Member,Male,Home and lifestyle,603.624,6.2
238-49-0436,Yangon,Normal,Male,Health and beauty,272.664,4.9
608-96-3517,Mandalay,Member,Female,Fashion accessories,384.468,4.8
584-86-7256,Naypyitaw,Member,Male,Sports and travel,254.016,7.3
746-94-0204,Yangon,Normal,Male,Fashion accessories,786.618,7.4
214-17-6927,Naypyitaw,Normal,Female,Food and beverages,103.824,9.9
400-89-4171,Naypyitaw,Normal,Female,Sports and travel,680.148,9.3
782-95-9291,Yangon,Member,Male,Food and beverages,484.5225,9
279-74-2924,Mandalay,Member,Male,Electronic accessories,75.7785,6.1
307-85-2293,Mandalay,Normal,Male,Home and lifestyle,263.97,9.7
743-04-1105,Mandalay,Member,Male,Health and beauty,918.729,6
423-57-2993,Mandalay,Normal,Male,Sports and travel,588.357,10
894-41-5205,Naypyitaw,Normal,Female,Food and beverages,362.712,8.3
275-28-0149,Yangon,Normal,Male,Sports and travel,66.8745,6
101-17-6199,Yangon,Normal,Male,Food and beverages,336.5565,7
423-80-0988,Naypyitaw,Normal,Male,Sports and travel,160.44,6.5
548-46-9322,Mandalay,Normal,Male,Food and beverages,418.95,5.9
505-02-0892,Mandalay,Member,Male,Health and beauty,357.588,5.6
234-65-2137,Naypyitaw,Normal,Male,Home and lifestyle,1003.59,4.8
687-47-8271,Yangon,Normal,Male,Fashion accessories,1039.29,8.7
796-32-9050,Yangon,Normal,Male,Food and beverages,323.064,6.5
105-31-1824,Yangon,Member,Male,Sports and travel,510.972,8.5
249-42-3782,Yangon,Normal,Male,Health and beauty,367.5525,5.5
316-55-4634,Mandalay,Member,Male,Food and beverages,420.2625,9.4
733-33-4967,Naypyitaw,Normal,Male,Electronic accessories,175.14,6.3
608-27-6295,Mandalay,Member,Male,Electronic accessories,333.207,9.8
414-12-7047,Mandalay,Normal,Male,Food and beverages,166.236,8.7
827-26-2100,Yangon,Member,Male,Home and lifestyle,319.788,8.8
175-54-2529,Yangon,Member,Male,Food and beverages,186.228,9.6
139-52-2867,Naypyitaw,Normal,Female,Fashion accessories,165.4485,4.8
407-63-8975,Yangon,Normal,Male,Food and beverages,465.444,4.4
342-65-4817,Naypyitaw,Member,Male,Health and beauty,273.42,9.9
130-98-8941,Naypyitaw,Normal,Male,Fashion accessories,472.311,5.7
434-83-9547,Naypyitaw,Member,Male,Food and beverages,323.148,7.7
851-28-6367,Yangon,Member,Male,Sports and travel,162.75,8
824-88-3614,Naypyitaw,Normal,Male,Health and beauty,288.204,5.7
586-25-0848,Yangon,Normal,Female,Sports and travel,90.699,6.7
895-66-0685,Mandalay,Member,Male,Food and beverages,56.952,8
305-14-0245,Mandalay,Member,Female,Home and lifestyle,793.716,7.5
732-04-5373,Mandalay,Member,Male,Home and lifestyle,195.174,7
400-60-7251,Yangon,Normal,Male,Home and lifestyle,77.7735,9.9
593-65-1552,Naypyitaw,Normal,Female,Home and lifestyle,293.202,5.9
284-34-9626,Mandalay,Normal,Female,Home and lifestyle,242.676,7.2
437-58-8131,Mandalay,Normal,Female,Fashion accessories,154.392,4.6
286-43-6208,Naypyitaw,Normal,Female,Food and beverages,829.71,9.2
641-43-2399,Mandalay,Normal,Male,Home and lifestyle,107.31,5.7
831-07-6050,Yangon,Normal,Male,Electronic accessories,171.7275,9.9
556-86-3144,Naypyitaw,Member,Female,Fashion accessories,78.0045,5
848-24-9445,Naypyitaw,Member,Male,Health and beauty,91.77,4.9
856-22-8149,Yangon,Normal,Female,Home and lifestyle,26.5545,6.1
699-01-4164,Naypyitaw,Normal,Male,Health and beauty,174.3,8.2
420-11-4919,Naypyitaw,Member,Female,Food and beverages,374.7975,5.5
606-80-4905,Naypyitaw,Member,Female,Sports and travel,120.645,6.8
542-41-0513,Mandalay,Member,Female,Electronic accessories,241.458,6.6
426-39-2418,Naypyitaw,Normal,Male,Electronic accessories,451.3635,9.8
875-46-5808,Mandalay,Member,Male,Health and beauty,271.95,8.7
394-43-4238,Mandalay,Member,Male,Home and lifestyle,93.2925,5.4
749-24-1565,Yangon,Normal,Female,Health and beauty,217.6335,7.9
672-51-8681,Naypyitaw,Member,Female,Electronic accessories,629.8425,9.7
263-87-5680,Naypyitaw,Member,Female,Home and lifestyle,299.565,7.8
573-58-9734,Mandalay,Normal,Female,Fashion accessories,95.6655,5.1
817-69-8206,Mandalay,Normal,Female,Electronic accessories,942.4485,6.5
888-02-0338,Yangon,Normal,Male,Electronic accessories,247.8735,5.9
677-11-0152,Naypyitaw,Normal,Female,Food and beverages,881.307,8.8
142-63-6033,Mandalay,Normal,Male,Home and lifestyle,484.89,4.9
656-16-1063,Mandalay,Normal,Male,Sports and travel,146.223,4.4
891-58-8335,Mandalay,Member,Female,Sports and travel,217.6335,6.5
802-43-8934,Yangon,Normal,Male,Home and lifestyle,19.194,8.3
560-30-5617,Mandalay,Normal,Female,Sports and travel,130.0425,8.5
319-74-2561,Yangon,Member,Female,Electronic accessories,298.116,5.5
549-03-9315,Mandalay,Normal,Male,Fashion accessories,796.908,8.7
790-29-1172,Mandalay,Normal,Female,Food and beverages,180.621,7.9
239-36-3640,Mandalay,Normal,Male,Electronic accessories,285.705,6.1
468-01-2051,Mandalay,Normal,Male,Food and beverages,456.288,5.4
389-25-3394,Naypyitaw,Normal,Male,Electronic accessories,62.0025,9.4
279-62-1445,Naypyitaw,Member,Female,Fashion accessories,13.167,8.2
213-72-6612,Yangon,Normal,Male,Food and beverages,90.825,6.2
746-68-6593,Naypyitaw,Member,Female,Sports and travel,183.036,9.7
836-82-5858,Mandalay,Member,Male,Health and beauty,655.5465,4
583-72-1480,Naypyitaw,Member,Male,Electronic accessories,155.652,9.7
466-61-5506,Mandalay,Member,Female,Electronic accessories,571.41,5.3
721-86-6247,Yangon,Normal,Female,Home and lifestyle,532.728,7.4
289-65-5721,Mandalay,Normal,Female,Fashion accessories,170.877,6.5
545-46-3100,Mandalay,Member,Female,Electronic accessories,33.3585,8.7
418-02-5978,Mandalay,Normal,Female,Health and beauty,794.6505,8
269-04-5750,Mandalay,Member,Male,Fashion accessories,310.044,6.7
157-13-5295,Yangon,Member,Male,Health and beauty,545.37,6.5
645-78-8093,Yangon,Normal,Female,Sports and travel,195.594,4.1
211-30-9270,Naypyitaw,Normal,Male,Health and beauty,91.4025,4.9
755-12-3214,Naypyitaw,Member,Female,Fashion accessories,232.155,8.6
346-84-3103,Mandalay,Member,Female,Electronic accessories,69.405,4.3
478-06-7835,Yangon,Normal,Male,Fashion accessories,94.1745,4.9
540-11-4336,Yangon,Normal,Male,Food and beverages,235.683,5.6
448-81-5016,Yangon,Normal,Male,Health and beauty,125.517,5.8
142-72-4741,Naypyitaw,Member,Male,Fashion accessories,195.72,6
217-58-1179,Yangon,Member,Male,Home and lifestyle,263.13,4.2
376-02-8238,Mandalay,Normal,Male,Home and lifestyle,788.508,8.3
530-90-9855,Yangon,Member,Male,Home and lifestyle,399.756,5.7
866-05-7563,Mandalay,Member,Female,Electronic accessories,256.41,4.8
604-70-6476,Yangon,Member,Male,Fashion accessories,94.185,6.8
799-71-1548,Yangon,Member,Male,Electronic accessories,326.424,8.8
785-13-7708,Mandalay,Normal,Male,Food and beverages,536.991,4.2
845-51-0542,Mandalay,Member,Male,Food and beverages,439.8975,6.4
662-47-5456,Naypyitaw,Member,Male,Fashion accessories,369.495,8.4
883-17-4236,Naypyitaw,Normal,Female,Sports and travel,30.219,7.2
290-68-2984,Yangon,Normal,Male,Home and lifestyle,99.75,5.2
704-11-6354,Yangon,Member,Male,Home and lifestyle,494.76,8.9
110-48-7033,Mandalay,Member,Male,Fashion accessories,137.004,9
366-93-0948,Yangon,Member,Male,Electronic accessories,69.6675,9.7
729-09-9681,Yangon,Member,Male,Home and lifestyle,163.233,8.7
151-16-1484,Yangon,Member,Male,Electronic accessories,135.45,6.5
380-94-4661,Naypyitaw,Member,Male,Electronic accessories,276.948,6.9
850-41-9669,Yangon,Normal,Female,Electronic accessories,709.317,6.2
821-07-3596,Naypyitaw,Normal,Female,Fashion accessories,69.09,5.6
655-85-5130,Mandalay,Member,Female,Fashion accessories,160.86,5.7
447-15-7839,Yangon,Member,Female,Sports and travel,233.52,4.2
154-74-7179,Mandalay,Normal,Male,Sports and travel,57.1725,7.9
253-12-6086,Yangon,Member,Female,Sports and travel,723.24,8.7
808-65-0703,Naypyitaw,Normal,Male,Home and lifestyle,148.974,6.9
571-94-0759,Mandalay,Member,Female,Food and beverages,783.3,9.5
144-51-6085,Yangon,Member,Male,Home and lifestyle,297.108,4.4
731-14-2199,Yangon,Member,Female,Home and lifestyle,373.17,7
783-09-1637,Mandalay,Normal,Female,Sports and travel,354.0075,6.3
687-15-1097,Naypyitaw,Member,Female,Health and beauty,44.352,9.7
126-54-1082,Yangon,Member,Female,Home and lifestyle,203.553,8.8
633-91-1052,Yangon,Normal,Female,Home and lifestyle,25.263,5.1
477-24-6490,Mandalay,Normal,Female,Health and beauty,628.173,7.9
566-19-5475,Mandalay,Normal,Male,Fashion accessories,352.5795,6.2
526-86-8552,Naypyitaw,Member,Female,Home and lifestyle,229.11,7.1
376-56-3573,Naypyitaw,Normal,Female,Fashion accessories,400.764,6.4
537-72-0426,Naypyitaw,Member,Male,Fashion accessories,745.395,5.7
828-61-5674,Yangon,Member,Male,Sports and travel,462.21,9.6
136-08-6195,Yangon,Normal,Female,Home and lifestyle,587.664,6.4
523-38-0215,Naypyitaw,Normal,Male,Home and lifestyle,38.85,7.9
490-29-1201,Yangon,Normal,Female,Sports and travel,16.107,6.5
667-92-0055,Yangon,Member,Male,Health and beauty,628.929,8.5
565-17-3836,Yangon,Member,Female,Health and beauty,200.214,9.1
498-41-1961,Mandalay,Normal,Male,Health and beauty,350.07,7.6
593-95-4461,Naypyitaw,Member,Male,Home and lifestyle,78.603,6.9
226-71-3580,Naypyitaw,Normal,Female,Sports and travel,224.4375,9.5
283-79-9594,Mandalay,Normal,Female,Food and beverages,356.5485,5.2
430-60-3493,Yangon,Member,Female,Home and lifestyle,697.368,4.2
139-20-0155,Mandalay,Member,Male,Electronic accessories,423.15,7
558-80-4082,Naypyitaw,Normal,Male,Electronic accessories,204.6975,6
278-97-7759,Yangon,Member,Female,Electronic accessories,65.604,4.7
316-68-6352,Yangon,Member,Female,Food and beverages,76.356,7.1
585-03-5943,Mandalay,Normal,Male,Health and beauty,190.155,5.9
211-05-0490,Naypyitaw,Member,Female,Electronic accessories,272.58,7.5
727-75-6477,Naypyitaw,Normal,Male,Electronic accessories,121.128,6.4
744-02-5987,Yangon,Member,Male,Home and lifestyle,493.794,5.8
307-83-9164,Yangon,Member,Male,Home and lifestyle,252.042,4.5
779-06-0012,Naypyitaw,Member,Female,Home and lifestyle,93.0405,7.7
446-47-6729,Naypyitaw,Normal,Male,Fashion accessories,209.622,6.7
573-10-3877,Mandalay,Member,Male,Health and beauty,40.9605,4.7
735-06-4124,Naypyitaw,Normal,Male,Food and beverages,51.0405,4.4
439-54-7422,Yangon,Normal,Female,Electronic accessories,214.998,4.7
396-90-2219,Mandalay,Normal,Female,Electronic accessories,125.664,8.6
411-77-0180,Yangon,Member,Male,Electronic accessories,530.67,4.3
286-01-5402,Yangon,Normal,Female,Sports and travel,295.6905,9.6
803-17-8013,Yangon,Member,Female,Home and lifestyle,745.836,4.1
512-98-1403,Yangon,Member,Female,Electronic accessories,83.412,4.7
848-42-2560,Yangon,Normal,Female,Fashion accessories,172.011,7.8
532-59-7201,Mandalay,Member,Male,Sports and travel,503.559,5.5
181-94-6432,Naypyitaw,Member,Male,Fashion accessories,145.593,9.7
870-76-1733,Yangon,Member,Female,Food and beverages,74.7075,4.4
423-64-4619,Yangon,Member,Female,Health and beauty,146.9475,5
227-07-4446,Naypyitaw,Member,Female,Electronic accessories,820.365,4.4
174-36-3675,Naypyitaw,Member,Male,Food and beverages,208.677,5.2
428-83-5800,Naypyitaw,Member,Female,Food and beverages,66.402,7.3
603-07-0961,Naypyitaw,Member,Male,Electronic accessories,392.6475,4.9
704-20-4138,Naypyitaw,Member,Female,Health and beauty,218.0745,8.1
787-15-1757,Naypyitaw,Member,Male,Health and beauty,185.094,8.4
649-11-3678,Naypyitaw,Normal,Female,Food and beverages,216.6885,5.5
622-20-1945,Naypyitaw,Normal,Female,Health and beauty,41.391,8.4
372-94-8041,Yangon,Normal,Male,Health and beauty,96.138,9.8
563-91-7120,Yangon,Normal,Female,Fashion accessories,324.2925,6.7
746-54-5508,Yangon,Normal,Male,Home and lifestyle,135.576,9.4
276-54-0879,Mandalay,Normal,Male,Sports and travel,410.508,6.4
815-11-1168,Yangon,Member,Male,Food and beverages,523.845,5.4
719-76-3868,Naypyitaw,Member,Male,Food and beverages,395.892,8.6
730-61-8757,Mandalay,Member,Male,Health and beauty,214.746,4
340-66-0321,Yangon,Member,Male,Electronic accessories,152.712,7.6
868-81-1752,Mandalay,Normal,Male,Home and lifestyle,208.089,6.8
634-97-8956,Yangon,Normal,Male,Food and beverages,103.635,9.1
566-71-1091,Yangon,Normal,Male,Fashion accessories,404.355,5.5
442-48-3607,Yangon,Member,Male,Food and beverages,49.308,7.9
835-16-0096,Naypyitaw,Member,Male,Sports and travel,77.175,8.5
527-09-6272,Yangon,Member,Female,Electronic accessories,149.3625,9.1
898-04-2717,Yangon,Normal,Male,Fashion accessories,721.98,7.5
692-27-8933,Mandalay,Normal,Female,Sports and travel,365.085,5.2
633-09-3463,Naypyitaw,Normal,Female,Electronic accessories,150.0975,9.5
374-17-3652,Mandalay,Member,Female,Food and beverages,404.649,8.9
378-07-7001,Mandalay,Member,Male,Electronic accessories,151.4835,7.8
433-75-6987,Mandalay,Member,Female,Health and beauty,411.3795,8.9
873-95-4984,Mandalay,Member,Female,Health and beauty,565.215,7.7
416-13-5917,Naypyitaw,Normal,Female,Food and beverages,509.4075,9.3
150-89-8043,Yangon,Normal,Male,Sports and travel,140.6475,6.2
135-84-8019,Yangon,Normal,Female,Fashion accessories,736.4385,7.6
441-94-7118,Yangon,Member,Male,Electronic accessories,75.5475,7.3
725-96-3778,Naypyitaw,Member,Female,Home and lifestyle,749.7,4.7
531-80-1784,Yangon,Normal,Male,Electronic accessories,191.247,5.1
400-45-1220,Mandalay,Normal,Female,Health and beauty,141.75,4.8
860-79-0874,Naypyitaw,Member,Female,Fashion accessories,1042.65,6.6
834-61-8124,Yangon,Normal,Male,Electronic accessories,379.9215,5.5
115-99-4379,Mandalay,Member,Female,Fashion accessories,402.2655,8.5
565-67-6697,Mandalay,Member,Male,Home and lifestyle,255.15,4.8
320-49-6392,Naypyitaw,Normal,Female,Electronic accessories,31.752,8.4
889-04-9723,Mandalay,Member,Female,Food and beverages,374.388,7.8
632-90-0281,Naypyitaw,Normal,Female,Fashion accessories,394.275,9.3
554-42-2417,Naypyitaw,Normal,Female,Sports and travel,1002.12,5.2
453-63-6187,Mandalay,Normal,Male,Electronic accessories,86.625,6.5
578-80-7669,Mandalay,Normal,Male,Sports and travel,78.7185,5.6
612-36-5536,Yangon,Member,Male,Food and beverages,680.064,7.4
605-72-4132,Naypyitaw,Normal,Female,Food and beverages,793.548,9.1
471-41-2823,Naypyitaw,Normal,Male,Food and beverages,209.559,8
462-67-9126,Yangon,Normal,Male,Home and lifestyle,461.286,7.2
272-27-9238,Naypyitaw,Normal,Female,Food and beverages,173.208,7.1
834-25-9262,Naypyitaw,Normal,Female,Fashion accessories,343.056,9.1
122-61-9553,Naypyitaw,Normal,Female,Electronic accessories,484.974,5.6
468-88-0009,Yangon,Member,Male,Home and lifestyle,276.948,6
613-59-9758,Naypyitaw,Normal,Female,Sports and travel,150.78,5.4
254-31-0042,Yangon,Member,Male,Electronic accessories,203.175,7.8
201-86-2184,Mandalay,Member,Female,Electronic accessories,193.011,9.9
261-12-8671,Mandalay,Normal,Female,Fashion accessories,128.016,4.9
730-70-9830,Naypyitaw,Normal,Female,Home and lifestyle,441.693,5.2
382-25-8917,Naypyitaw,Normal,Male,Fashion accessories,265.104,8.9
422-29-8786,Yangon,Normal,Female,Home and lifestyle,352.2225,9.1
667-23-5919,Yangon,Member,Female,Fashion accessories,507.675,7
843-01-4703,Mandalay,Member,Female,Home and lifestyle,334.341,9.6
743-88-1662,Naypyitaw,Normal,Male,Sports and travel,701.8515,8.7
595-86-2894,Naypyitaw,Member,Male,Fashion accessories,407.316,9.4
182-69-8360,Mandalay,Normal,Female,Electronic accessories,99.33,4
289-15-7034,Yangon,Member,Male,Sports and travel,345.786,7.5
462-78-5240,Naypyitaw,Normal,Female,Electronic accessories,55.881,4.2
868-52-7573,Mandalay,Normal,Female,Food and beverages,523.3725,9.9
153-58-4872,Naypyitaw,Member,Female,Food and beverages,314.538,4.2
662-72-2873,Yangon,Normal,Female,Food and beverages,214.935,9.9
525-88-7307,Mandalay,Member,Male,Sports and travel,79.611,5.8
689-16-9784,Naypyitaw,Normal,Male,Food and beverages,294.651,6
725-56-0833,Yangon,Normal,Female,Health and beauty,339.36,10
394-41-0748,Naypyitaw,Member,Female,Fashion accessories,510.9615,9.5
596-42-3999,Mandalay,Normal,Male,Food and beverages,133.917,6.6
541-89-9860,Naypyitaw,Member,Female,Fashion accessories,253.512,8.1
173-82-9529,Mandalay,Normal,Female,Fashion accessories,398.475,9.7
563-36-9814,Yangon,Member,Male,Electronic accessories,80.661,7.2
308-47-4913,Yangon,Member,Female,Sports and travel,548.73,6.2
885-17-6250,Yangon,Normal,Female,Health and beauty,83.727,7.3
726-27-2396,Yangon,Normal,Female,Health and beauty,406.875,4.3
316-01-3952,Yangon,Normal,Female,Food and beverages,284.9175,4.6
760-54-1821,Mandalay,Normal,Male,Home and lifestyle,128.4255,5.8
793-10-3222,Mandalay,Member,Female,Health and beauty,258.678,8.3
346-12-3257,Mandalay,Member,Male,Electronic accessories,181.818,8
110-05-6330,Naypyitaw,Normal,Female,Food and beverages,248.409,9.4
651-61-0874,Naypyitaw,Normal,Male,Home and lifestyle,194.124,6.2
236-86-3015,Naypyitaw,Member,Male,Home and lifestyle,14.679,9.8
831-64-0259,Mandalay,Normal,Female,Fashion accessories,208.6875,9.6
587-03-7455,Naypyitaw,Member,Female,Fashion accessories,718.7565,4.9
882-40-4577,Yangon,Member,Male,Sports and travel,282.492,8
732-67-5346,Yangon,Normal,Male,Food and beverages,72.3975,7.8
725-32-9708,Mandalay,Member,Female,Fashion accessories,288.582,4.1
256-08-8343,Yangon,Normal,Female,Home and lifestyle,237.426,5.5
372-26-1506,Naypyitaw,Normal,Female,Fashion accessories,125.055,5.4
244-08-0162,Mandalay,Normal,Female,Health and beauty,359.205,5.1
569-71-4390,Mandalay,Normal,Male,Sports and travel,45.927,6.9
132-23-6451,Yangon,Member,Male,Health and beauty,110.0925,7.8
696-90-2548,Yangon,Normal,Male,Sports and travel,81.396,6.6
472-15-9636,Yangon,Normal,Male,Home and lifestyle,427.812,9.2
268-03-6164,Mandalay,Normal,Male,Health and beauty,100.9155,7.8
750-57-9686,Naypyitaw,Normal,Female,Home and lifestyle,190.596,8.7
186-09-3669,Naypyitaw,Member,Female,Health and beauty,85.5855,9.2
848-07-1692,Mandalay,Normal,Female,Health and beauty,120.162,8.3
745-71-3520,Yangon,Member,Female,Electronic accessories,185.367,8.2
266-76-6436,Naypyitaw,Member,Female,Food and beverages,121.59,7.5
740-22-2500,Naypyitaw,Normal,Female,Electronic accessories,264.7575,9.8
271-88-8734,Naypyitaw,Member,Female,Fashion accessories,1020.705,8.7
301-81-8610,Mandalay,Member,Male,Fashion accessories,213.528,6.7
489-64-4354,Naypyitaw,Normal,Male,Fashion accessories,17.094,5
198-84-7132,Mandalay,Member,Male,Fashion accessories,383.7645,7
269-10-8440,Yangon,Member,Male,Health and beauty,390.7995,8.9
650-98-6268,Mandalay,Member,Female,Food and beverages,65.7405,8
741-73-3559,Mandalay,Normal,Male,Sports and travel,353.1675,6.9
325-77-6186,Yangon,Member,Female,Home and lifestyle,951.825,7.3
286-75-7818,Mandalay,Normal,Male,Fashion accessories,145.068,6.9
574-57-9721,Naypyitaw,Normal,Male,Food and beverages,90.867,5.7
459-50-7686,Yangon,Normal,Female,Electronic accessories,147.798,6.4
616-87-0016,Mandalay,Normal,Male,Fashion accessories,702.219,9.6
837-55-7229,Mandalay,Normal,Female,Fashion accessories,49.812,6.8
751-69-0068,Naypyitaw,Normal,Male,Sports and travel,937.818,9
257-73-1380,Naypyitaw,Member,Male,Sports and travel,348.306,9.6
345-08-4992,Yangon,Normal,Male,Home and lifestyle,214.137,7.7
549-96-4200,Naypyitaw,Member,Male,Food and beverages,71.568,7
810-60-6344,Naypyitaw,Normal,Female,Electronic accessories,343.224,6.5
450-28-2866,Naypyitaw,Member,Male,Food and beverages,91.56,8.1
394-30-3170,Mandalay,Member,Female,Sports and travel,742.812,4.3
138-17-5109,Yangon,Member,Female,Home and lifestyle,843.0345,6.5
192-98-7397,Naypyitaw,Normal,Male,Fashion accessories,13.419,9.5
301-11-9629,Yangon,Normal,Female,Sports and travel,140.385,9.7
390-80-5128,Mandalay,Member,Female,Health and beauty,20.1075,9.5
235-46-8343,Naypyitaw,Member,Male,Food and beverages,290.43,8.9
453-12-7053,Naypyitaw,Normal,Male,Fashion accessories,144.081,6.5
296-11-7041,Mandalay,Member,Female,Health and beauty,28.4235,5.3
449-27-2918,Mandalay,Member,Female,Sports and travel,41.076,9.6
891-01-7034,Mandalay,Normal,Female,Electronic accessories,470.673,6.7
744-09-5786,Mandalay,Normal,Male,Electronic accessories,138.663,7.6
727-17-0390,Yangon,Normal,Female,Food and beverages,333.9525,4.8
568-88-3448,Yangon,Normal,Male,Health and beauty,26.25,5.5
187-83-5490,Yangon,Member,Male,Electronic accessories,87.234,4.7
767-54-1907,Mandalay,Member,Female,Fashion accessories,155.19,6.9
710-46-4433,Mandalay,Member,Female,Food and beverages,731.43,4.5
533-33-5337,Mandalay,Normal,Male,Electronic accessories,833.595,6.2
325-90-8763,Naypyitaw,Member,Female,Electronic accessories,488.985,7.6
729-46-7422,Naypyitaw,Normal,Male,Food and beverages,37.6845,7.9
639-76-1242,Naypyitaw,Normal,Male,Food and beverages,212.73,4.5
234-03-4040,Mandalay,Member,Female,Food and beverages,767.025,8.7
326-71-2155,Naypyitaw,Normal,Female,Sports and travel,310.59,6.1
320-32-8842,Naypyitaw,Member,Female,Food and beverages,23.751,6.4
470-32-9057,Yangon,Member,Male,Food and beverages,269.535,9.1
878-30-2331,Naypyitaw,Member,Female,Sports and travel,572.775,7.1
440-59-5691,Naypyitaw,Member,Female,Health and beauty,273.0525,7.7
554-53-3790,Mandalay,Normal,Male,Sports and travel,233.226,4.5
746-19-0921,Naypyitaw,Normal,Male,Food and beverages,22.659,7.2
233-34-0817,Naypyitaw,Member,Female,Electronic accessories,103.782,8.4
767-05-1286,Naypyitaw,Member,Female,Home and lifestyle,527.751,5.4
340-21-9136,Yangon,Member,Female,Sports and travel,168.21,9.7
405-31-3305,Yangon,Member,Male,Fashion accessories,452.865,5.5
731-59-7531,Mandalay,Member,Male,Health and beauty,609.588,4.6
676-39-6028,Yangon,Member,Female,Electronic accessories,338.31,6.6
502-05-1910,Yangon,Normal,Male,Health and beauty,205.317,6.3
485-30-8700,Yangon,Normal,Female,Sports and travel,174.615,4.2
598-47-9715,Naypyitaw,Normal,Male,Electronic accessories,353.094,4.4
701-69-8742,Mandalay,Normal,Male,Sports and travel,360.885,6.7
575-67-1508,Yangon,Normal,Male,Electronic accessories,40.53,6.7
541-08-3113,Naypyitaw,Normal,Male,Food and beverages,554.148,8.4
246-11-3901,Naypyitaw,Normal,Female,Electronic accessories,344.4,6.2
674-15-9296,Yangon,Normal,Male,Sports and travel,194.985,5
305-18-3552,Mandalay,Member,Male,Home and lifestyle,633.99,6
493-65-6248,Naypyitaw,Member,Female,Sports and travel,388.29,7
438-01-4015,Mandalay,Member,Female,Sports and travel,207.858,6.6
709-58-4068,Mandalay,Normal,Female,Fashion accessories,431.445,7.3
795-49-7276,Yangon,Normal,Male,Fashion accessories,156.03,8.3
556-72-8512,Naypyitaw,Normal,Male,Home and lifestyle,24.108,4.3
627-95-3243,Mandalay,Member,Female,Home and lifestyle,734.076,9.8
686-41-0932,Mandalay,Normal,Female,Fashion accessories,72.87,8.2
510-09-5628,Yangon,Member,Female,Fashion accessories,206.43,7.2
608-04-3797,Mandalay,Member,Female,Health and beauty,212.688,8.7
148-82-2527,Naypyitaw,Member,Female,Home and lifestyle,127.26,8.4
437-53-3084,Mandalay,Normal,Male,Fashion accessories,209.769,7.1
632-32-4574,Mandalay,Normal,Male,Sports and travel,637.728,5.5
556-97-7101,Naypyitaw,Normal,Female,Electronic accessories,132.762,8.5
862-59-8517,Naypyitaw,Normal,Female,Food and beverages,568.512,6.2
401-18-8016,Mandalay,Member,Female,Sports and travel,103.0365,8.9
420-18-8989,Yangon,Member,Female,Sports and travel,432.768,9.6
277-63-2961,Mandalay,Member,Male,Sports and travel,77.6685,5.4
573-98-8548,Naypyitaw,Member,Female,Fashion accessories,33.495,9.1
620-02-2046,Naypyitaw,Normal,Male,Home and lifestyle,145.74,9
282-35-2475,Mandalay,Normal,Female,Sports and travel,195.951,6.3
511-54-3087,Mandalay,Normal,Male,Sports and travel,92.8725,9.5
726-29-6793,Yangon,Member,Male,Electronic accessories,203.112,9.8
387-49-4215,Mandalay,Member,Female,Sports and travel,152.775,6.7
862-17-9201,Mandalay,Normal,Female,Food and beverages,529.515,7.7
291-21-5991,Mandalay,Member,Male,Health and beauty,321.7725,7
602-80-9671,Naypyitaw,Member,Female,Home and lifestyle,100.485,5.1
347-72-6115,Mandalay,Member,Female,Sports and travel,666.939,6.2
209-61-0206,Yangon,Normal,Female,Home and lifestyle,225.2775,6.1
595-27-4851,Yangon,Normal,Female,Fashion accessories,398.958,9.3
189-52-0236,Yangon,Normal,Male,Electronic accessories,731.6925,7.6
503-07-0930,Naypyitaw,Member,Male,Sports and travel,429.1665,8.2
413-20-6708,Naypyitaw,Member,Female,Fashion accessories,54.0435,8.5
425-85-2085,Mandalay,Member,Male,Health and beauty,288.015,9.8
521-18-7827,Naypyitaw,Member,Male,Home and lifestyle,206.7975,8.7
220-28-1851,Yangon,Normal,Male,Home and lifestyle,72.933,9.7
600-38-9738,Naypyitaw,Member,Male,Sports and travel,377.58,4.3
734-91-1155,Mandalay,Normal,Female,Electronic accessories,143.9865,7.7
451-28-5717,Naypyitaw,Member,Female,Home and lifestyle,523.971,7.3
609-81-8548,Yangon,Member,Female,Home and lifestyle,235.872,5.9
133-14-7229,Naypyitaw,Normal,Male,Health and beauty,132.027,5
534-01-4457,Yangon,Normal,Male,Food and beverages,514.773,8
719-89-8991,Yangon,Member,Female,Sports and travel,479.9025,7.1
286-62-6248,Mandalay,Normal,Male,Fashion accessories,164.682,9
339-38-9982,Mandalay,Member,Male,Fashion accessories,125.706,6.7
827-44-5872,Mandalay,Member,Female,Food and beverages,570.78,6.1
827-77-7633,Yangon,Normal,Male,Sports and travel,926.9505,9.3
287-83-1405,Yangon,Normal,Male,Health and beauty,160.209,7
435-13-4908,Yangon,Member,Male,Fashion accessories,728.112,7.2
857-67-9057,Mandalay,Normal,Male,Electronic accessories,240.975,8.2
236-27-1144,Naypyitaw,Normal,Female,Food and beverages,154.1295,8.4
892-05-6689,Yangon,Normal,Female,Home and lifestyle,148.68,6.2
583-41-4548,Naypyitaw,Normal,Male,Home and lifestyle,122.5245,7.4
339-12-4827,Mandalay,Member,Female,Fashion accessories,77.658,5
643-38-7867,Yangon,Normal,Male,Home and lifestyle,102.837,6.9
308-81-0538,Yangon,Normal,Female,Fashion accessories,306.81,4.9
358-88-9262,Naypyitaw,Member,Female,Food and beverages,551.124,5.1
460-35-4390,Yangon,Normal,Male,Home and lifestyle,96.642,9.1
343-87-0864,Naypyitaw,Member,Male,Health and beauty,79.674,7.1
173-50-1108,Mandalay,Member,Female,Sports and travel,84.756,5
243-47-2663,Naypyitaw,Member,Male,Electronic accessories,118.251,5.5
841-18-8232,Mandalay,Normal,Female,Food and beverages,74.76,9.2
701-23-5550,Mandalay,Member,Male,Home and lifestyle,163.002,4.9
647-50-1224,Yangon,Normal,Female,Fashion accessories,308.91,8.9
541-48-8554,Yangon,Normal,Male,Sports and travel,575.9775,6
539-21-7227,Mandalay,Normal,Female,Sports and travel,270.585,4.2
213-32-1216,Yangon,Normal,Female,Electronic accessories,416.178,7.3
747-58-7183,Mandalay,Normal,Male,Fashion accessories,180.4005,6.5
582-52-8065,Mandalay,Normal,Female,Fashion accessories,513.2295,8.9
210-57-1719,Mandalay,Normal,Female,Health and beauty,550.368,9.7
399-69-4630,Naypyitaw,Normal,Male,Electronic accessories,139.923,8.6
134-75-2619,Yangon,Member,Male,Electronic accessories,142.002,6.9
356-44-8813,Mandalay,Normal,Male,Home and lifestyle,118.062,7.7
198-66-9832,Mandalay,Member,Female,Fashion accessories,151.284,9.5
283-26-5248,Naypyitaw,Member,Female,Food and beverages,1034.46,4.5
712-39-0363,Yangon,Member,Male,Food and beverages,262.458,5.6
218-59-9410,Yangon,Member,Female,Home and lifestyle,228.123,8.2
174-75-0888,Mandalay,Normal,Male,Electronic accessories,203.931,7.3
866-99-7614,Naypyitaw,Normal,Male,Food and beverages,936.6,4.4
134-54-4720,Mandalay,Normal,Female,Electronic accessories,356.328,5.7
760-90-2357,Yangon,Member,Male,Electronic accessories,469.413,5
514-37-2845,Mandalay,Normal,Male,Fashion accessories,208.425,9
698-98-5964,Yangon,Normal,Female,Food and beverages,852.705,6.3
718-57-9773,Naypyitaw,Normal,Female,Sports and travel,517.965,9.4
651-88-7328,Yangon,Normal,Female,Fashion accessories,621.243,7.7
241-11-2261,Mandalay,Normal,Female,Fashion accessories,586.971,5.5
408-26-9866,Naypyitaw,Normal,Female,Sports and travel,543.753,4.1
834-83-1826,Mandalay,Member,Female,Home and lifestyle,430.71,7.6
343-61-3544,Mandalay,Member,Male,Sports and travel,280.035,8.6
239-48-4278,Yangon,Member,Male,Food and beverages,74.4555,8.3
355-34-6244,Mandalay,Normal,Male,Food and beverages,152.019,8.1
550-84-8664,Yangon,Normal,Male,Sports and travel,451.0275,8.6
339-96-8318,Mandalay,Member,Male,Fashion accessories,597.6285,6.3
458-61-0011,Mandalay,Normal,Male,Food and beverages,253.26,5.8
592-34-6155,Naypyitaw,Normal,Male,Food and beverages,133.434,6.2
797-88-0493,Yangon,Normal,Female,Health and beauty,269.934,7.7
207-73-1363,Mandalay,Normal,Male,Health and beauty,145.971,8.1
390-31-6381,Naypyitaw,Normal,Male,Food and beverages,85.743,7.3
443-82-0585,Yangon,Member,Female,Health and beauty,326.256,8.4
339-18-7061,Naypyitaw,Member,Female,Fashion accessories,195.258,8
359-90-3665,Mandalay,Member,Female,Fashion accessories,75.936,9.5
375-72-3056,Mandalay,Normal,Male,Sports and travel,198.639,7
127-47-6963,Yangon,Normal,Male,Health and beauty,217.182,9.8
278-86-2735,Yangon,Normal,Female,Food and beverages,164.871,9.2
695-28-6250,Yangon,Normal,Female,Sports and travel,226.065,7.7
379-17-6588,Naypyitaw,Normal,Male,Fashion accessories,625.905,5.3
227-50-3718,Yangon,Normal,Male,Health and beauty,76.755,4.4
302-15-2162,Naypyitaw,Member,Male,Health and beauty,293.139,4.3
788-07-8452,Naypyitaw,Member,Female,Home and lifestyle,178.164,9.4
560-49-6611,Yangon,Member,Female,Sports and travel,47.859,9.8
880-35-0356,Yangon,Member,Female,Sports and travel,236.88,4.8
585-11-6748,Mandalay,Member,Male,Sports and travel,304.92,5.3
470-31-3286,Mandalay,Normal,Male,Health and beauty,46.683,8.7
152-68-2907,Yangon,Normal,Male,Food and beverages,164.43,9.5
123-35-4896,Naypyitaw,Normal,Female,Sports and travel,440.937,5.3
258-69-7810,Naypyitaw,Normal,Female,Fashion accessories,193.4625,9.2
334-64-2006,Yangon,Member,Female,Home and lifestyle,147.672,9.6
219-61-4139,Naypyitaw,Normal,Male,Electronic accessories,87.234,6.4
881-41-7302,Naypyitaw,Normal,Female,Fashion accessories,68.2395,4.5
373-09-4567,Naypyitaw,Normal,Male,Food and beverages,814.38,6.9
642-30-6693,Mandalay,Normal,Female,Sports and travel,343.413,7.8
484-22-8230,Naypyitaw,Member,Female,Fashion accessories,381.3915,4.5
830-58-2383,Mandalay,Normal,Male,Home and lifestyle,133.35,8.6
559-98-9873,Yangon,Member,Female,Fashion accessories,394.3275,5.2
544-32-5024,Naypyitaw,Member,Female,Food and beverages,209.118,6.4
318-12-0304,Yangon,Normal,Male,Fashion accessories,32.1405,5.2
349-97-8902,Mandalay,Member,Male,Food and beverages,121.569,8.9
421-95-9805,Yangon,Normal,Female,Electronic accessories,30.408,6.2
277-35-5865,Naypyitaw,Member,Female,Food and beverages,935.2665,6.7
789-23-8625,Mandalay,Member,Male,Fashion accessories,293.643,7.2
284-54-4231,Naypyitaw,Member,Male,Sports and travel,84.9765,9
443-59-0061,Yangon,Member,Male,Food and beverages,708.225,4.2
509-29-3912,Yangon,Member,Female,Sports and travel,365.904,4.2
327-40-9673,Mandalay,Member,Male,Sports and travel,457.38,6.9
840-19-2096,Naypyitaw,Member,Male,Electronic accessories,461.5275,4.4
828-46-6863,Yangon,Member,Male,Food and beverages,620.739,4
641-96-3695,Naypyitaw,Member,Female,Fashion accessories,273.798,8.5
420-97-3340,Yangon,Normal,Female,Food and beverages,225.792,9.2
436-54-4512,Yangon,Member,Female,Food and beverages,96.1905,9.8
670-79-6321,Mandalay,Member,Female,Home and lifestyle,695.2365,4.9
852-62-7105,Mandalay,Normal,Female,Fashion accessories,874.125,4.4
598-06-7312,Mandalay,Member,Male,Fashion accessories,95.9175,6.8
135-13-8269,Mandalay,Member,Female,Food and beverages,165.648,9.1
816-57-2053,Yangon,Normal,Male,Sports and travel,127.827,8.7
628-90-8624,Mandalay,Member,Male,Health and beauty,867.09,5
856-66-2701,Yangon,Member,Male,Home and lifestyle,167.895,7.5
308-39-1707,Yangon,Normal,Female,Fashion accessories,12.6945,8.2
149-61-1929,Yangon,Normal,Male,Sports and travel,673.995,6.7
655-07-2265,Yangon,Normal,Male,Electronic accessories,246.6765,5.4
589-02-8023,Yangon,Member,Male,Food and beverages,175.917,7
420-04-7590,Mandalay,Normal,Male,Home and lifestyle,314.055,4.7
182-88-2763,Mandalay,Member,Male,Food and beverages,251.7165,5
188-55-0967,Mandalay,Member,Male,Health and beauty,697.935,5
610-46-4100,Yangon,Normal,Male,Health and beauty,212.7825,6
318-81-2368,Naypyitaw,Normal,Female,Electronic accessories,48.51,6.3
364-33-8584,Mandalay,Member,Female,Food and beverages,92.5575,8.5
665-63-9737,Mandalay,Normal,Male,Fashion accessories,165.123,7.5
695-09-5146,Mandalay,Member,Female,Food and beverages,311.1885,6.4
155-45-3814,Naypyitaw,Member,Female,Electronic accessories,743.82,4.7
794-32-2436,Mandalay,Member,Male,Electronic accessories,116.907,6
131-15-8856,Naypyitaw,Member,Female,Food and beverages,609.168,4
273-84-2164,Naypyitaw,Member,Male,Electronic accessories,63.2625,5.5
706-36-6154,Yangon,Member,Male,Home and lifestyle,182.952,8.7
778-89-7974,Naypyitaw,Normal,Male,Health and beauty,442.323,7.4
574-31-8277,Mandalay,Member,Male,Fashion accessories,35.3115,5.6
859-71-0933,Naypyitaw,Member,Female,Sports and travel,32.529,6.3
740-11-5257,Naypyitaw,Normal,Male,Electronic accessories,259.77,7.1
369-82-2676,Mandalay,Normal,Male,Electronic accessories,397.215,7.8
563-47-4072,Mandalay,Normal,Female,Health and beauty,351.603,9.9
742-04-5161,Yangon,Member,Male,Home and lifestyle,764.19,7.3
149-15-7606,Mandalay,Member,Male,Sports and travel,352.674,5.1
133-77-3154,Mandalay,Member,Male,Fashion accessories,252.756,9.4
169-52-4504,Yangon,Normal,Female,Electronic accessories,49.4235,5.8
250-81-7186,Naypyitaw,Normal,Female,Electronic accessories,104.6745,8
562-12-5430,Yangon,Member,Female,Fashion accessories,277.6725,7.9
816-72-8853,Yangon,Member,Female,Sports and travel,146.6325,5.9
491-38-3499,Yangon,Member,Male,Fashion accessories,58.2225,4.9
322-02-2271,Mandalay,Normal,Female,Sports and travel,135.3555,9.3
842-29-4695,Naypyitaw,Member,Male,Sports and travel,125.979,7.9
725-67-2480,Mandalay,Member,Female,Fashion accessories,370.125,5.9
641-51-2661,Naypyitaw,Member,Female,Food and beverages,914.55,9.9
714-02-3114,Naypyitaw,Normal,Female,Sports and travel,207.48,7.7
518-17-2983,Yangon,Normal,Female,Fashion accessories,204.246,7.6
779-42-2410,Mandalay,Member,Male,Food and beverages,181.881,7.7
190-14-3147,Mandalay,Normal,Female,Health and beauty,75.474,6.4
408-66-6712,Naypyitaw,Member,Female,Health and beauty,300.573,4.4
679-22-6530,Mandalay,Normal,Female,Sports and travel,85.302,4.1
588-47-8641,Yangon,Member,Male,Fashion accessories,588.42,4.4
642-61-4706,Mandalay,Member,Male,Food and beverages,196.14,5.5
576-31-4774,Mandalay,Normal,Female,Health and beauty,231.2415,4
556-41-6224,Naypyitaw,Normal,Male,Health and beauty,282.576,9.3
811-03-8790,Yangon,Normal,Female,Electronic accessories,477.54,4.8
242-11-3142,Mandalay,Member,Male,Fashion accessories,175.917,4.6
752-23-3760,Mandalay,Member,Female,Sports and travel,470.988,7.3
274-05-5470,Yangon,Member,Female,Food and beverages,308.574,6
648-94-3045,Naypyitaw,Normal,Male,Health and beauty,618.975,8.1
130-67-4723,Yangon,Member,Male,Food and beverages,305.55,9.4
528-87-5606,Mandalay,Member,Female,Electronic accessories,41.454,6.5
320-85-2052,Mandalay,Normal,Female,Sports and travel,36.5505,7
370-96-0655,Naypyitaw,Normal,Female,Fashion accessories,310.716,7.1
105-10-6182,Yangon,Member,Male,Fashion accessories,45.108,6.6
510-79-0415,Mandalay,Member,Female,Sports and travel,145.404,4.9
241-96-5076,Mandalay,Member,Female,Home and lifestyle,103.11,6.4
767-97-4650,Mandalay,Member,Female,Sports and travel,136.143,8
648-83-1321,Yangon,Member,Male,Home and lifestyle,667.38,4.3
173-57-2300,Naypyitaw,Member,Male,Sports and travel,153.048,6.1
305-03-2383,Yangon,Normal,Female,Food and beverages,211.365,7.5
394-55-6384,Naypyitaw,Member,Female,Sports and travel,663.2955,6.7
266-20-6657,Naypyitaw,Member,Male,Food and beverages,404.544,5.2
689-05-1884,Yangon,Member,Male,Health and beauty,510.615,8.8
196-01-2849,Naypyitaw,Member,Female,Fashion accessories,539.343,9.5
372-62-5264,Naypyitaw,Normal,Female,Food and beverages,497.07,7.6
800-09-8606,Yangon,Member,Female,Home and lifestyle,458.6925,6.6
182-52-7000,Yangon,Member,Female,Sports and travel,113.568,6.9
826-58-8051,Mandalay,Normal,Male,Home and lifestyle,261.198,4.3
868-06-0466,Yangon,Member,Male,Electronic accessories,657.531,7.8
751-41-9720,Naypyitaw,Normal,Male,Home and lifestyle,1023.75,8
626-43-7888,Naypyitaw,Normal,Female,Fashion accessories,507.444,9.6
176-64-7711,Mandalay,Normal,Male,Food and beverages,101.808,4.3
191-29-0321,Mandalay,Member,Female,Fashion accessories,207.585,5
729-06-2010,Mandalay,Member,Male,Health and beauty,760.4415,9.2
640-48-5028,Mandalay,Member,Female,Home and lifestyle,835.2855,6.3
186-79-9562,Mandalay,Normal,Male,Health and beauty,527.5095,8.9
834-45-5519,Mandalay,Normal,Female,Electronic accessories,180.6,7.6
162-65-8559,Naypyitaw,Member,Male,Food and beverages,72.429,4.8
760-27-5490,Naypyitaw,Normal,Male,Fashion accessories,131.208,9.1
445-30-9252,Yangon,Normal,Male,Sports and travel,80.955,6.1
786-94-2700,Yangon,Member,Male,Food and beverages,507.906,9.1
728-88-7867,Naypyitaw,Member,Female,Home and lifestyle,317.226,8.3
183-21-3799,Naypyitaw,Normal,Female,Electronic accessories,733.6035,7.2
268-20-3585,Naypyitaw,Normal,Female,Health and beauty,130.8825,6
735-32-9839,Naypyitaw,Member,Male,Fashion accessories,829.08,8.5
258-92-7466,Yangon,Normal,Female,Health and beauty,187.32,6.6
857-16-3520,Yangon,Member,Female,Fashion accessories,525.231,4.5
482-17-1179,Yangon,Member,Male,Electronic accessories,37.611,8.1
788-21-5741,Yangon,Normal,Male,Fashion accessories,142.947,7.2
821-14-9046,Mandalay,Member,Female,Fashion accessories,110.124,6.1
418-05-0656,Mandalay,Normal,Female,Fashion accessories,187.866,7.1
678-79-0726,Naypyitaw,Member,Female,Sports and travel,856.4535,5.1
776-68-1096,Mandalay,Normal,Male,Home and lifestyle,138.978,7.9
592-46-1692,Naypyitaw,Member,Female,Food and beverages,270.2595,7.4
434-35-9162,Mandalay,Member,Male,Food and beverages,98.028,7.4
149-14-0304,Naypyitaw,Member,Female,Health and beauty,239.4,6.6
442-44-6497,Naypyitaw,Member,Male,Home and lifestyle,175.0455,5.9
174-64-0215,Mandalay,Normal,Male,Sports and travel,732.27,8.9
210-74-9613,Naypyitaw,Normal,Male,Fashion accessories,408.492,6.8
299-29-0180,Mandalay,Member,Female,Home and lifestyle,383.523,9.3
247-11-2470,Yangon,Member,Female,Fashion accessories,93.744,4.4
635-28-5728,Yangon,Normal,Male,Health and beauty,176.4,4.8
756-49-0168,Yangon,Member,Male,Fashion accessories,20.685,9.5
438-23-1242,Mandalay,Normal,Male,Electronic accessories,557.718,8.9
238-45-6950,Mandalay,Member,Male,Food and beverages,56.406,6.4
607-65-2441,Naypyitaw,Member,Male,Health and beauty,860.475,6
386-27-7606,Naypyitaw,Member,Female,Home and lifestyle,596.82,8.1
137-63-5492,Naypyitaw,Normal,Male,Electronic accessories,616.98,9
197-77-7132,Mandalay,Member,Male,Electronic accessories,769.104,6
805-86-0265,Yangon,Normal,Male,Home and lifestyle,887.922,9.8
733-29-1227,Naypyitaw,Normal,Male,Home and lifestyle,408.7335,8.5
451-73-2711,Naypyitaw,Normal,Male,Food and beverages,89.0715,8.8
373-14-0504,Yangon,Member,Female,Sports and travel,150.423,8.8
546-80-2899,Yangon,Member,Male,Home and lifestyle,79.149,9.5
345-68-9016,Naypyitaw,Member,Female,Sports and travel,266.028,5.6
390-17-5806,Naypyitaw,Member,Female,Food and beverages,40.341,8.6
457-13-1708,Mandalay,Member,Male,Fashion accessories,684.915,5.2
664-14-2882,Naypyitaw,Member,Female,Home and lifestyle,55.2825,5.8
487-79-6868,Mandalay,Member,Female,Home and lifestyle,116.1405,8
314-23-4520,Naypyitaw,Member,Male,Health and beauty,597.0405,9
210-30-7976,Mandalay,Member,Female,Fashion accessories,93.744,4.1
585-86-8361,Yangon,Normal,Female,Food and beverages,143.22,8.6
807-14-7833,Yangon,Member,Female,Electronic accessories,182.91,7
775-72-1988,Mandalay,Normal,Male,Home and lifestyle,384.72,8.4
288-38-3758,Naypyitaw,Member,Female,Fashion accessories,267.3405,7.4
652-43-6591,Yangon,Normal,Female,Fashion accessories,817.236,6.2
785-96-0615,Mandalay,Member,Female,Electronic accessories,300.216,4.9
406-46-7107,Yangon,Normal,Female,Home and lifestyle,608.076,4.5
250-17-5703,Yangon,Member,Male,Food and beverages,197.925,5.6
156-95-3964,Yangon,Normal,Female,Food and beverages,232.638,8
842-40-8179,Mandalay,Member,Female,Food and beverages,810.6,5.6
525-09-8450,Mandalay,Normal,Male,Electronic accessories,757.365,4.2
410-67-1709,Yangon,Member,Female,Fashion accessories,536.592,9.9
587-73-4862,Yangon,Member,Female,Health and beauty,56.1225,7.6
787-87-2010,Yangon,Member,Male,Health and beauty,233.1,6.6
593-14-4239,Mandalay,Normal,Female,Home and lifestyle,801.864,4.7
801-88-0346,Naypyitaw,Normal,Female,Fashion accessories,239.589,9.8
388-76-2555,Mandalay,Normal,Male,Sports and travel,86.247,6.3
711-31-1234,Mandalay,Normal,Female,Electronic accessories,401.688,7.9
886-54-6089,Yangon,Normal,Female,Home and lifestyle,72.009,7.7
707-32-7409,Mandalay,Member,Female,Sports and travel,401.268,4.5
759-98-4285,Naypyitaw,Member,Female,Health and beauty,631.1445,8
201-63-8275,Naypyitaw,Member,Female,Sports and travel,499.7265,5.7
471-06-8611,Naypyitaw,Normal,Female,Food and beverages,55.041,6.3
200-16-5952,Naypyitaw,Member,Male,Food and beverages,137.865,6
120-54-2248,Mandalay,Normal,Female,Food and beverages,151.515,8
102-77-2261,Naypyitaw,Member,Male,Health and beauty,480.0285,4.2
875-31-8302,Mandalay,Normal,Male,Sports and travel,98.049,9.6
102-06-2002,Naypyitaw,Member,Male,Sports and travel,132.5625,6.1
457-94-0464,Mandalay,Member,Male,Electronic accessories,830.3715,5.6
629-42-4133,Naypyitaw,Normal,Male,Health and beauty,183.12,8.3
534-53-3526,Yangon,Normal,Female,Sports and travel,397.992,7.8
307-04-2070,Yangon,Member,Female,Fashion accessories,32.151,4.1
468-99-7231,Naypyitaw,Normal,Female,Home and lifestyle,369.684,8.8
516-77-6464,Naypyitaw,Member,Female,Health and beauty,53.34,4.1
404-91-5964,Yangon,Normal,Male,Electronic accessories,548.163,9
886-77-9084,Naypyitaw,Normal,Male,Electronic accessories,603.876,5.5
790-38-4466,Naypyitaw,Normal,Female,Health and beauty,57.6975,9.3
704-10-4056,Naypyitaw,Member,Male,Health and beauty,190.4805,5.6
497-37-6538,Yangon,Normal,Male,Sports and travel,432.9885,9.7
651-96-5970,Yangon,Normal,Male,Fashion accessories,48.7305,4
400-80-4065,Naypyitaw,Member,Male,Health and beauty,287.91,9.2
744-16-7898,Mandalay,Normal,Female,Home and lifestyle,1022.385,4.9
263-12-5321,Yangon,Member,Male,Electronic accessories,680.61,9.3
702-72-0487,Yangon,Normal,Female,Electronic accessories,97.881,6.6
605-83-1050,Mandalay,Normal,Male,Fashion accessories,57.078,4.3
443-60-9639,Naypyitaw,Member,Female,Home and lifestyle,63.9135,5.5
864-24-7918,Yangon,Member,Female,Sports and travel,257.145,8.1
359-94-5395,Mandalay,Normal,Male,Health and beauty,97.419,9.8
401-09-4232,Naypyitaw,Member,Male,Home and lifestyle,455.1225,9.4
751-15-6198,Mandalay,Normal,Male,Sports and travel,144.963,7.9
324-41-6833,Naypyitaw,Member,Female,Electronic accessories,253.68,5.1
474-33-8305,Naypyitaw,Member,Male,Fashion accessories,495.3165,6.9
759-29-9521,Yangon,Member,Female,Fashion accessories,462.672,8
831-81-6575,Mandalay,Member,Female,Electronic accessories,714.3255,8
220-68-6701,Yangon,Normal,Female,Home and lifestyle,325.374,4.2
618-34-8551,Yangon,Normal,Female,Sports and travel,195.678,8.5
257-60-7754,Yangon,Normal,Female,Electronic accessories,210.966,9
559-61-5987,Mandalay,Normal,Female,Health and beauty,18.6375,8.6
189-55-2313,Naypyitaw,Normal,Female,Fashion accessories,652.89,6
565-91-4567,Mandalay,Normal,Male,Health and beauty,90.3,6.2
380-60-5336,Yangon,Normal,Female,Electronic accessories,422.73,5
815-04-6282,Naypyitaw,Member,Female,Sports and travel,341.0925,6.5
674-56-6360,Yangon,Normal,Male,Electronic accessories,99.9075,6
778-34-2523,Yangon,Member,Female,Electronic accessories,408.408,5
499-27-7781,Mandalay,Normal,Female,Food and beverages,446.964,5
477-59-2456,Naypyitaw,Normal,Female,Fashion accessories,333.984,9.2
832-51-6761,Yangon,Normal,Male,Food and beverages,284.592,9.6
869-11-3082,Mandalay,Member,Male,Health and beauty,403.872,8.4
190-59-3964,Mandalay,Member,Male,Food and beverages,247.59,6
366-43-6862,Mandalay,Normal,Male,Electronic accessories,222.138,6.7
186-43-8965,Yangon,Member,Female,Home and lifestyle,100.128,4.1
784-21-9238,Naypyitaw,Member,Male,Sports and travel,10.6785,5.9
276-75-6884,Yangon,Normal,Female,Health and beauty,216.4365,8.7
109-86-4363,Mandalay,Member,Female,Sports and travel,441.588,4.5
569-76-2760,Yangon,Member,Female,Sports and travel,92.442,6.6
222-42-0244,Mandalay,Member,Female,Health and beauty,681.4395,7.7
760-53-9233,Yangon,Member,Male,Fashion accessories,130.032,8.5
538-22-0304,Naypyitaw,Normal,Male,Electronic accessories,681.975,5.2
416-17-9926,Yangon,Member,Female,Electronic accessories,779.31,4.3
237-44-6163,Yangon,Normal,Male,Electronic accessories,88.704,7.6
636-17-0325,Mandalay,Normal,Male,Health and beauty,262.794,9.5
343-75-9322,Mandalay,Member,Female,Sports and travel,99.54,4.1
528-14-9470,Yangon,Member,Male,Health and beauty,95.865,9.2
427-45-9297,Mandalay,Member,Female,Home and lifestyle,299.3655,5.4
807-34-3742,Yangon,Normal,Male,Fashion accessories,54.999,5.8
288-62-1085,Yangon,Member,Male,Fashion accessories,202.335,5.6
670-71-7306,Mandalay,Normal,Male,Sports and travel,281.169,5.1
660-29-7083,Naypyitaw,Normal,Male,Electronic accessories,586.635,5.8
271-77-8740,Naypyitaw,Member,Female,Sports and travel,184.086,5
497-36-0989,Yangon,Normal,Male,Fashion accessories,163.611,7.9
291-59-1384,Mandalay,Normal,Male,Electronic accessories,63.315,6
860-73-6466,Yangon,Member,Female,Sports and travel,82.887,5
549-23-9016,Naypyitaw,Member,Female,Food and beverages,31.227,8.9
896-34-0956,Yangon,Normal,Male,Fashion accessories,22.386,5.9
804-38-3935,Yangon,Member,Male,Electronic accessories,295.407,5.9
585-90-0249,Yangon,Member,Male,Electronic accessories,76.923,9.7
862-29-5914,Naypyitaw,Normal,Female,Sports and travel,23.499,8.6
845-94-6841,Naypyitaw,Member,Female,Food and beverages,688.716,4
125-45-2293,Yangon,Normal,Female,Fashion accessories,624.33,4.2
843-73-4724,Yangon,Normal,Male,Fashion accessories,77.805,9.2
409-33-9708,Yangon,Normal,Female,Fashion accessories,206.808,9.2
658-66-3967,Naypyitaw,Normal,Male,Health and beauty,390.9465,5
866-70-2814,Mandalay,Normal,Female,Electronic accessories,554.295,10
160-22-2687,Yangon,Member,Female,Health and beauty,503.7375,8.8
895-03-6665,Mandalay,Normal,Female,Fashion accessories,345.0195,4.2
770-42-8960,Mandalay,Normal,Male,Food and beverages,177.408,6.3
748-45-2862,Yangon,Member,Female,Home and lifestyle,118.902,8.2
234-36-2483,Mandalay,Normal,Male,Health and beauty,362.817,5.1
316-66-3011,Yangon,Member,Female,Food and beverages,450.1035,5
848-95-6252,Naypyitaw,Member,Female,Home and lifestyle,90.5835,7
840-76-5966,Yangon,Member,Male,Sports and travel,26.796,7.8
152-03-4217,Mandalay,Normal,Female,Home and lifestyle,106.596,4.3
533-66-5566,Mandalay,Normal,Female,Home and lifestyle,375.3645,7
124-31-1458,Yangon,Member,Female,Electronic accessories,250.7085,6.6
176-78-1170,Naypyitaw,Member,Male,Health and beauty,106.5015,7.3
361-59-0574,Mandalay,Member,Male,Sports and travel,760.452,6.5
101-81-4070,Naypyitaw,Member,Female,Health and beauty,131.922,4.9
631-34-1880,Naypyitaw,Member,Male,Food and beverages,76.5765,4.3
852-82-2749,Yangon,Normal,Male,Sports and travel,271.278,9.3
873-14-6353,Yangon,Member,Male,Food and beverages,182.427,7.1
584-66-4073,Naypyitaw,Normal,Male,Fashion accessories,59.325,9.6
544-55-9589,Mandalay,Member,Female,Electronic accessories,225.015,6.2
166-19-2553,Yangon,Member,Male,Sports and travel,561.078,9.9
737-88-5876,Yangon,Member,Male,Home and lifestyle,97.818,5.9
154-87-7367,Naypyitaw,Normal,Male,Home and lifestyle,548.184,6.3
885-56-0389,Naypyitaw,Member,Male,Fashion accessories,54.9675,4
608-05-3804,Mandalay,Member,Male,Electronic accessories,41.7375,6.1
448-61-3783,Yangon,Normal,Female,Electronic accessories,756.168,4.5
761-49-0439,Mandalay,Member,Female,Electronic accessories,101.64,8.6
490-95-0021,Mandalay,Member,Female,Food and beverages,348.705,6
115-38-7388,Naypyitaw,Member,Female,Fashion accessories,85.512,9.5
311-13-6971,Mandalay,Member,Male,Sports and travel,335.895,9.9
291-55-6563,Yangon,Member,Female,Home and lifestyle,216.846,7.5
548-48-3156,Yangon,Member,Female,Food and beverages,175.014,7.6
460-93-5834,Yangon,Normal,Male,Sports and travel,335.013,5
325-89-4209,Yangon,Member,Male,Food and beverages,92.295,6.7
884-80-6021,Yangon,Member,Female,Electronic accessories,771.435,9.5
137-74-8729,Naypyitaw,Normal,Female,Fashion accessories,102.396,6.8
880-46-5796,Yangon,Member,Male,Sports and travel,807.66,5.6
389-70-2397,Naypyitaw,Normal,Female,Health and beauty,439.215,7.2
114-35-5271,Mandalay,Normal,Female,Electronic accessories,486.444,8.1
607-76-6216,Naypyitaw,Member,Female,Fashion accessories,485.5725,8.6
715-20-1673,Mandalay,Normal,Male,Electronic accessories,148.995,9.4
811-35-1094,Mandalay,Member,Male,Electronic accessories,317.835,8.9
699-88-1972,Mandalay,Normal,Male,Health and beauty,832.944,4.2
781-84-8059,Naypyitaw,Normal,Male,Fashion accessories,446.439,5
409-49-6995,Naypyitaw,Member,Female,Food and beverages,297.801,8.8
725-54-0677,Naypyitaw,Member,Male,Health and beauty,629.16,5.3
146-09-5432,Yangon,Member,Male,Food and beverages,331.128,4.6
377-79-7592,Naypyitaw,Member,Female,Electronic accessories,423.738,7.5
509-10-0516,Mandalay,Normal,Male,Home and lifestyle,193.074,5.1
595-94-9924,Yangon,Member,Female,Health and beauty,145.5825,4.2
865-41-9075,Yangon,Normal,Male,Food and beverages,84.7455,8.1
545-07-8534,Naypyitaw,Normal,Female,Health and beauty,122.472,6
118-62-1812,Naypyitaw,Member,Female,Home and lifestyle,329.196,7.9
450-42-3339,Naypyitaw,Normal,Male,Health and beauty,888.405,8.8
851-98-3555,Mandalay,Normal,Female,Health and beauty,435.12,6.6
186-71-5196,Yangon,Member,Female,Food and beverages,167.034,6.2
624-01-8356,Mandalay,Normal,Female,Home and lifestyle,514.605,4.2
313-66-9943,Mandalay,Member,Female,Food and beverages,91.8225,7.3
151-27-8496,Naypyitaw,Normal,Female,Electronic accessories,235.746,8.6
453-33-6436,Yangon,Normal,Female,Home and lifestyle,782.208,6.8
522-57-8364,Yangon,Member,Male,Fashion accessories,431.256,7.6
459-45-2396,Yangon,Member,Female,Food and beverages,313.74,5.8
717-96-4189,Naypyitaw,Normal,Female,Electronic accessories,223.587,4.1
722-13-2115,Naypyitaw,Member,Male,Sports and travel,44.9925,9.3
749-81-8133,Yangon,Normal,Female,Fashion accessories,397.614,6.8
777-67-2495,Mandalay,Normal,Male,Home and lifestyle,217.2555,8.7
636-98-3364,Mandalay,Member,Female,Electronic accessories,82.719,6.3
246-55-6923,Naypyitaw,Member,Female,Home and lifestyle,338.2155,5.1
181-82-6255,Mandalay,Normal,Female,Home and lifestyle,103.131,7
838-02-1821,Naypyitaw,Member,Female,Home and lifestyle,26.733,5.2
887-42-0517,Naypyitaw,Normal,Female,Sports and travel,611.079,6.6
457-12-0244,Naypyitaw,Member,Female,Sports and travel,221.886,6.5
226-34-0034,Mandalay,Normal,Female,Electronic accessories,57.876,9
321-49-7382,Mandalay,Member,Male,Sports and travel,92.7255,5.2
397-25-8725,Yangon,Member,Female,Health and beauty,374.409,6.8
431-66-2305,Mandalay,Normal,Female,Electronic accessories,833.9625,7.6
825-94-5922,Mandalay,Normal,Male,Sports and travel,53.151,7.2
641-62-7288,Mandalay,Normal,Male,Home and lifestyle,629.496,7.1
756-93-1854,Naypyitaw,Member,Female,Fashion accessories,175.035,9.5
243-55-8457,Yangon,Normal,Female,Food and beverages,781.62,5.1
458-10-8612,Naypyitaw,Normal,Male,Health and beauty,470.988,7.6
501-61-1753,Mandalay,Normal,Female,Home and lifestyle,397.845,9.8
235-06-8510,Naypyitaw,Member,Male,Home and lifestyle,270.018,5.1
433-08-7822,Naypyitaw,Normal,Female,Health and beauty,579.8415,7.5
361-85-2571,Yangon,Normal,Female,Sports and travel,469.77,7.4
131-70-8179,Yangon,Member,Female,Health and beauty,290.0835,4.2
500-02-2261,Naypyitaw,Normal,Female,Food and beverages,360.927,5.9
720-72-2436,Yangon,Normal,Male,Food and beverages,279.384,6.9
702-83-5291,Naypyitaw,Member,Male,Fashion accessories,943.299,6.6
809-69-9497,Yangon,Normal,Female,Home and lifestyle,479.64,5.7
449-16-6770,Yangon,Normal,Male,Health and beauty,266.6475,5.3
333-23-2632,Yangon,Member,Male,Health and beauty,74.088,4.2
489-82-1237,Yangon,Normal,Female,Electronic accessories,690.018,7.3
859-97-6048,Naypyitaw,Member,Male,Electronic accessories,176.925,5.3
676-10-2200,Mandalay,Member,Male,Fashion accessories,56.469,4.7
373-88-1424,Naypyitaw,Member,Male,Home and lifestyle,188.0025,7.9
365-16-4334,Mandalay,Normal,Female,Food and beverages,222.012,8.9
503-21-4385,Mandalay,Member,Male,Health and beauty,125.7165,9.3
305-89-2768,Mandalay,Member,Female,Home and lifestyle,68.985,4.7
574-80-1489,Mandalay,Member,Female,Food and beverages,263.97,8.7
784-08-0310,Naypyitaw,Member,Female,Food and beverages,88.368,7.6
200-40-6154,Mandalay,Member,Male,Home and lifestyle,415.233,5.7
846-10-0341,Yangon,Normal,Female,Fashion accessories,312.8895,6.8
577-34-7579,Naypyitaw,Member,Male,Food and beverages,477.1305,5.4
430-02-3888,Mandalay,Normal,Male,Electronic accessories,289.926,7.1
867-47-1948,Naypyitaw,Normal,Female,Home and lifestyle,165.9,7.8
384-59-6655,Yangon,Member,Female,Food and beverages,932.337,8.4
256-58-3609,Naypyitaw,Member,Male,Fashion accessories,96.579,9.8
324-92-3863,Yangon,Member,Male,Electronic accessories,43.869,9.8
593-08-5916,Yangon,Normal,Female,Fashion accessories,16.275,7.4
364-34-2972,Naypyitaw,Member,Male,Electronic accessories,304.983,6.7
794-42-3736,Mandalay,Normal,Male,Food and beverages,69.993,6.4
172-42-8274,Mandalay,Normal,Female,Electronic accessories,80.367,5.8
558-60-5016,Yangon,Normal,Female,Home and lifestyle,314.685,7.2
195-06-0432,Yangon,Member,Male,Home and lifestyle,255.1815,9.3
605-03-2706,Yangon,Normal,Female,Health and beauty,49.77,9.5
214-30-2776,Mandalay,Member,Female,Electronic accessories,181.0725,9
746-04-1077,Mandalay,Member,Female,Food and beverages,888.615,9
448-34-8700,Mandalay,Member,Male,Home and lifestyle,271.2885,6.7
452-04-8808,Mandalay,Normal,Male,Electronic accessories,640.038,5.5
531-56-4728,Yangon,Normal,Male,Home and lifestyle,252.252,5.4
744-82-9138,Naypyitaw,Normal,Male,Fashion accessories,180.873,8.2
883-69-1285,Mandalay,Member,Male,Fashion accessories,104.832,7
221-25-5073,Yangon,Normal,Female,Food and beverages,313.572,8.5
518-71-6847,Mandalay,Member,Male,Food and beverages,167.58,4.9
156-20-0370,Mandalay,Normal,Female,Electronic accessories,26.7225,5.1
151-33-7434,Mandalay,Normal,Female,Food and beverages,71.1585,6.5
728-47-9078,Naypyitaw,Member,Male,Food and beverages,250.278,9.8
809-46-1866,Yangon,Normal,Male,Health and beauty,244.23,8.4
139-32-4183,Yangon,Member,Female,Sports and travel,921.186,7.4
148-41-7930,Naypyitaw,Normal,Male,Health and beauty,734.706,6.1
189-40-5216,Naypyitaw,Normal,Male,Electronic accessories,708.3195,6
374-38-5555,Mandalay,Normal,Female,Fashion accessories,334.4775,8.5
764-44-8999,Mandalay,Normal,Female,Health and beauty,30.996,4.3
552-44-5977,Mandalay,Member,Male,Health and beauty,520.8,6.2
267-62-7380,Naypyitaw,Member,Male,Electronic accessories,864.57,4.3
430-53-4718,Mandalay,Member,Male,Health and beauty,633.108,8.4
886-18-2897,Yangon,Normal,Female,Food and beverages,296.94,4.5
602-16-6955,Mandalay,Normal,Female,Sports and travel,804.3,6
745-74-0715,Yangon,Normal,Male,Electronic accessories,121.863,8.8
690-01-6631,Mandalay,Normal,Male,Fashion accessories,183.645,6.6
652-49-6720,Naypyitaw,Member,Female,Electronic accessories,63.9975,5.9
233-67-5758,Naypyitaw,Normal,Male,Health and beauty,42.3675,6.2
303-96-2227,Mandalay,Normal,Female,Home and lifestyle,1022.49,4.4
727-02-1313,Yangon,Member,Male,Food and beverages,33.432,7.7
347-56-2442,Yangon,Normal,Male,Home and lifestyle,69.111,4.1
849-09-3807,Yangon,Member,Female,Fashion accessories,649.299,6.6